<?xml version="1.0" encoding="UTF-8"?>
<project version="4">
  <component name="AutoImportSettings">
    <option name="autoReloadType" value="SELECTIVE" />
  </component>
  <component name="ChangeListManager">
    <list default="true" id="bca5a45f-2d7a-4fb3-9281-097711916f14" name="Default Changelist" comment="" />
    <option name="SHOW_DIALOG" value="false" />
    <option name="HIGHLIGHT_CONFLICTS" value="true" />
    <option name="HIGHLIGHT_NON_ACTIVE_CHANGELIST" value="false" />
    <option name="LAST_RESOLUTION" value="IGNORE" />
  </component>
  <component name="FileTemplateManagerImpl">
    <option name="RECENT_TEMPLATES">
      <list>
        <option value="Class" />
      </list>
    </option>
  </component>
  <component name="GitSEFilterConfiguration">
    <file-type-list>
      <filtered-out-file-type name="LOCAL_BRANCH" />
      <filtered-out-file-type name="REMOTE_BRANCH" />
      <filtered-out-file-type name="TAG" />
      <filtered-out-file-type name="COMMIT_BY_MESSAGE" />
    </file-type-list>
  </component>
  <component name="MavenImportPreferences">
    <option name="generalSettings">
      <MavenGeneralSettings>
        <option name="mavenHome" value="$PROJECT_DIR$/../../../../develop/apache-maven-3.6.1" />
        <option name="userSettingsFile" value="D:\develop\apache-maven-3.6.1\conf\settings.xml" />
      </MavenGeneralSettings>
    </option>
  </component>
  <component name="ProjectId" id="2DgowlJrGTGNbmJytx4bO0zQDCx" />
  <component name="ProjectViewState">
    <option name="hideEmptyMiddlePackages" value="true" />
    <option name="showLibraryContents" value="true" />
  </component>
  <component name="PropertiesComponent">
    <property name="RequestMappingsPanelOrder0" value="0" />
    <property name="RequestMappingsPanelOrder1" value="1" />
    <property name="RequestMappingsPanelWidth0" value="75" />
    <property name="RequestMappingsPanelWidth1" value="75" />
    <property name="RunOnceActivity.OpenProjectViewOnStart" value="true" />
    <property name="RunOnceActivity.ShowReadmeOnStart" value="true" />
    <property name="WebServerToolWindowFactoryState" value="false" />
    <property name="aspect.path.notification.shown" value="true" />
    <property name="last_opened_file_path" value="$PROJECT_DIR$/../../com.yxy.device.agent.adt" />
    <property name="settings.editor.selected.configurable" value="MavenSettings" />
  </component>
  <component name="RunManager">
    <configuration name="WxPushApplication" type="SpringBootApplicationConfigurationType" factoryName="Spring Boot">
      <module name="wx-push" />
      <option name="SPRING_BOOT_MAIN_CLASS" value="com.aguo.wxpush.WxPushApplication"/>
      <option name="ALTERNATIVE_JRE_PATH" />
      <option name="SHORTEN_COMMAND_LINE" value="NONE" />
      <option name="UPDATE_ACTION_UPDATE_POLICY" value="UpdateClassesAndResources" />
      <option name="FRAME_DEACTIVATION_UPDATE_POLICY" value="UpdateClassesAndResources" />
      <method v="2">
        <option name="Make" enabled="true" />
      </method>
    </configuration>
  </component>
  <component name="SpellCheckerSettings" RuntimeDictionaries="0" Folders="0" CustomDictionaries="0" DefaultDictionary="application-level" UseSingleDictionary="true" transferred="true" />
  <component name="TaskManager">
    <task active="true" id="Default" summary="Default task">
      <changelist id="bca5a45f-2d7a-4fb3-9281-097711916f14" name="Default Changelist" comment="" />
      <created>1661130329700</created>
      <option name="number" value="Default" />
      <option name="presentableId" value="Default" />
      <updated>1661130329700</updated>
      <workItem from="1661130331873" duration="24983000" />
      <workItem from="1661172102967" duration="305000" />
    </task>
    <servers />
  </component>
  <component name="TypeScriptGeneratedFilesManager">
    <option name="version" value="3" />
  </component>
</project>