<component name="libraryTable">
  <library name="Maven: net.minidev:accessors-smart:2.4.8">
    <CLASSES>
      <root url="jar://$PROJECT_DIR$/../../../../apache-maven-3.6.1/repository/net/minidev/accessors-smart/2.4.8/accessors-smart-2.4.8.jar!/" />
    </CLASSES>
    <JAVADOC>
      <root url="jar://$PROJECT_DIR$/../../../../apache-maven-3.6.1/repository/net/minidev/accessors-smart/2.4.8/accessors-smart-2.4.8-javadoc.jar!/" />
    </JAVADOC>
    <SOURCES>
      <root url="jar://$PROJECT_DIR$/../../../../apache-maven-3.6.1/repository/net/minidev/accessors-smart/2.4.8/accessors-smart-2.4.8-sources.jar!/" />
    </SOURCES>
  </library>
</component>