<component name="libraryTable">
  <library name="Maven: org.slf4j:slf4j-api:1.7.36">
    <CLASSES>
      <root url="jar://$PROJECT_DIR$/../../../../apache-maven-3.6.1/repository/org/slf4j/slf4j-api/1.7.36/slf4j-api-1.7.36.jar!/" />
    </CLASSES>
    <JAVADOC>
      <root url="jar://$PROJECT_DIR$/../../../../apache-maven-3.6.1/repository/org/slf4j/slf4j-api/1.7.36/slf4j-api-1.7.36-javadoc.jar!/" />
    </JAVADOC>
    <SOURCES>
      <root url="jar://$PROJECT_DIR$/../../../../apache-maven-3.6.1/repository/org/slf4j/slf4j-api/1.7.36/slf4j-api-1.7.36-sources.jar!/" />
    </SOURCES>
  </library>
</component>