<component name="libraryTable">
  <library name="Maven: ch.qos.logback:logback-classic:1.2.11">
    <CLASSES>
      <root url="jar://$PROJECT_DIR$/../../../../apache-maven-3.6.1/repository/ch/qos/logback/logback-classic/1.2.11/logback-classic-1.2.11.jar!/" />
    </CLASSES>
    <JAVADOC>
      <root url="jar://$PROJECT_DIR$/../../../../apache-maven-3.6.1/repository/ch/qos/logback/logback-classic/1.2.11/logback-classic-1.2.11-javadoc.jar!/" />
    </JAVADOC>
    <SOURCES>
      <root url="jar://$PROJECT_DIR$/../../../../apache-maven-3.6.1/repository/ch/qos/logback/logback-classic/1.2.11/logback-classic-1.2.11-sources.jar!/" />
    </SOURCES>
  </library>
</component>