<component name="libraryTable">
  <library name="Maven: com.fasterxml.jackson.datatype:jackson-datatype-jdk8:2.13.3">
    <CLASSES>
      <root url="jar://$PROJECT_DIR$/../../../../apache-maven-3.6.1/repository/com/fasterxml/jackson/datatype/jackson-datatype-jdk8/2.13.3/jackson-datatype-jdk8-2.13.3.jar!/" />
    </CLASSES>
    <JAVADOC>
      <root url="jar://$PROJECT_DIR$/../../../../apache-maven-3.6.1/repository/com/fasterxml/jackson/datatype/jackson-datatype-jdk8/2.13.3/jackson-datatype-jdk8-2.13.3-javadoc.jar!/" />
    </JAVADOC>
    <SOURCES>
      <root url="jar://$PROJECT_DIR$/../../../../apache-maven-3.6.1/repository/com/fasterxml/jackson/datatype/jackson-datatype-jdk8/2.13.3/jackson-datatype-jdk8-2.13.3-sources.jar!/" />
    </SOURCES>
  </library>
</component>