<component name="libraryTable">
  <library name="Maven: org.apache.tomcat.embed:tomcat-embed-el:9.0.65">
    <CLASSES>
      <root url="jar://$PROJECT_DIR$/../../../../apache-maven-3.6.1/repository/org/apache/tomcat/embed/tomcat-embed-el/9.0.65/tomcat-embed-el-9.0.65.jar!/" />
    </CLASSES>
    <JAVADOC>
      <root url="jar://$PROJECT_DIR$/../../../../apache-maven-3.6.1/repository/org/apache/tomcat/embed/tomcat-embed-el/9.0.65/tomcat-embed-el-9.0.65-javadoc.jar!/" />
    </JAVADOC>
    <SOURCES>
      <root url="jar://$PROJECT_DIR$/../../../../apache-maven-3.6.1/repository/org/apache/tomcat/embed/tomcat-embed-el/9.0.65/tomcat-embed-el-9.0.65-sources.jar!/" />
    </SOURCES>
  </library>
</component>