<component name="libraryTable">
  <library name="Maven: com.jayway.jsonpath:json-path:2.7.0">
    <CLASSES>
      <root url="jar://$PROJECT_DIR$/../../../../apache-maven-3.6.1/repository/com/jayway/jsonpath/json-path/2.7.0/json-path-2.7.0.jar!/" />
    </CLASSES>
    <JAVADOC>
      <root url="jar://$PROJECT_DIR$/../../../../apache-maven-3.6.1/repository/com/jayway/jsonpath/json-path/2.7.0/json-path-2.7.0-javadoc.jar!/" />
    </JAVADOC>
    <SOURCES>
      <root url="jar://$PROJECT_DIR$/../../../../apache-maven-3.6.1/repository/com/jayway/jsonpath/json-path/2.7.0/json-path-2.7.0-sources.jar!/" />
    </SOURCES>
  </library>
</component>