<component name="libraryTable">
  <library name="Maven: org.springframework.boot:spring-boot-starter-logging:2.7.3">
    <CLASSES>
      <root url="jar://$PROJECT_DIR$/../../../../apache-maven-3.6.1/repository/org/springframework/boot/spring-boot-starter-logging/2.7.3/spring-boot-starter-logging-2.7.3.jar!/" />
    </CLASSES>
    <JAVADOC>
      <root url="jar://$PROJECT_DIR$/../../../../apache-maven-3.6.1/repository/org/springframework/boot/spring-boot-starter-logging/2.7.3/spring-boot-starter-logging-2.7.3-javadoc.jar!/" />
    </JAVADOC>
    <SOURCES>
      <root url="jar://$PROJECT_DIR$/../../../../apache-maven-3.6.1/repository/org/springframework/boot/spring-boot-starter-logging/2.7.3/spring-boot-starter-logging-2.7.3-sources.jar!/" />
    </SOURCES>
  </library>
</component>