<component name="libraryTable">
  <library name="Maven: org.mockito:mockito-core:4.5.1">
    <CLASSES>
      <root url="jar://$PROJECT_DIR$/../../../../apache-maven-3.6.1/repository/org/mockito/mockito-core/4.5.1/mockito-core-4.5.1.jar!/" />
    </CLASSES>
    <JAVADOC>
      <root url="jar://$PROJECT_DIR$/../../../../apache-maven-3.6.1/repository/org/mockito/mockito-core/4.5.1/mockito-core-4.5.1-javadoc.jar!/" />
    </JAVADOC>
    <SOURCES>
      <root url="jar://$PROJECT_DIR$/../../../../apache-maven-3.6.1/repository/org/mockito/mockito-core/4.5.1/mockito-core-4.5.1-sources.jar!/" />
    </SOURCES>
  </library>
</component>