<component name="libraryTable">
  <library name="Maven: org.assertj:assertj-core:3.22.0">
    <CLASSES>
      <root url="jar://$PROJECT_DIR$/../../../../apache-maven-3.6.1/repository/org/assertj/assertj-core/3.22.0/assertj-core-3.22.0.jar!/" />
    </CLASSES>
    <JAVADOC>
      <root url="jar://$PROJECT_DIR$/../../../../apache-maven-3.6.1/repository/org/assertj/assertj-core/3.22.0/assertj-core-3.22.0-javadoc.jar!/" />
    </JAVADOC>
    <SOURCES>
      <root url="jar://$PROJECT_DIR$/../../../../apache-maven-3.6.1/repository/org/assertj/assertj-core/3.22.0/assertj-core-3.22.0-sources.jar!/" />
    </SOURCES>
  </library>
</component>