<component name="libraryTable">
  <library name="Maven: org.junit.jupiter:junit-jupiter-params:5.8.2">
    <CLASSES>
      <root url="jar://$PROJECT_DIR$/../../../../apache-maven-3.6.1/repository/org/junit/jupiter/junit-jupiter-params/5.8.2/junit-jupiter-params-5.8.2.jar!/" />
    </CLASSES>
    <JAVADOC>
      <root url="jar://$PROJECT_DIR$/../../../../apache-maven-3.6.1/repository/org/junit/jupiter/junit-jupiter-params/5.8.2/junit-jupiter-params-5.8.2-javadoc.jar!/" />
    </JAVADOC>
    <SOURCES>
      <root url="jar://$PROJECT_DIR$/../../../../apache-maven-3.6.1/repository/org/junit/jupiter/junit-jupiter-params/5.8.2/junit-jupiter-params-5.8.2-sources.jar!/" />
    </SOURCES>
  </library>
</component>