<component name="libraryTable">
  <library name="Maven: com.alibaba:fastjson:1.2.78">
    <CLASSES>
      <root url="jar://$PROJECT_DIR$/../../../../apache-maven-3.6.1/repository/com/alibaba/fastjson/1.2.78/fastjson-1.2.78.jar!/" />
    </CLASSES>
    <JAVADOC>
      <root url="jar://$PROJECT_DIR$/../../../../apache-maven-3.6.1/repository/com/alibaba/fastjson/1.2.78/fastjson-1.2.78-javadoc.jar!/" />
    </JAVADOC>
    <SOURCES>
      <root url="jar://$PROJECT_DIR$/../../../../apache-maven-3.6.1/repository/com/alibaba/fastjson/1.2.78/fastjson-1.2.78-sources.jar!/" />
    </SOURCES>
  </library>
</component>