<component name="libraryTable">
  <library name="Maven: org.springframework:spring-jcl:5.3.22">
    <CLASSES>
      <root url="jar://$PROJECT_DIR$/../../../../apache-maven-3.6.1/repository/org/springframework/spring-jcl/5.3.22/spring-jcl-5.3.22.jar!/" />
    </CLASSES>
    <JAVADOC>
      <root url="jar://$PROJECT_DIR$/../../../../apache-maven-3.6.1/repository/org/springframework/spring-jcl/5.3.22/spring-jcl-5.3.22-javadoc.jar!/" />
    </JAVADOC>
    <SOURCES>
      <root url="jar://$PROJECT_DIR$/../../../../apache-maven-3.6.1/repository/org/springframework/spring-jcl/5.3.22/spring-jcl-5.3.22-sources.jar!/" />
    </SOURCES>
  </library>
</component>