<component name="libraryTable">
  <library name="Maven: net.bytebuddy:byte-buddy:1.12.13">
    <CLASSES>
      <root url="jar://$PROJECT_DIR$/../../../../apache-maven-3.6.1/repository/net/bytebuddy/byte-buddy/1.12.13/byte-buddy-1.12.13.jar!/" />
    </CLASSES>
    <JAVADOC>
      <root url="jar://$PROJECT_DIR$/../../../../apache-maven-3.6.1/repository/net/bytebuddy/byte-buddy/1.12.13/byte-buddy-1.12.13-javadoc.jar!/" />
    </JAVADOC>
    <SOURCES>
      <root url="jar://$PROJECT_DIR$/../../../../apache-maven-3.6.1/repository/net/bytebuddy/byte-buddy/1.12.13/byte-buddy-1.12.13-sources.jar!/" />
    </SOURCES>
  </library>
</component>