<component name="libraryTable">
  <library name="Maven: org.apache.logging.log4j:log4j-api:2.17.2">
    <CLASSES>
      <root url="jar://$PROJECT_DIR$/../../../../apache-maven-3.6.1/repository/org/apache/logging/log4j/log4j-api/2.17.2/log4j-api-2.17.2.jar!/" />
    </CLASSES>
    <JAVADOC>
      <root url="jar://$PROJECT_DIR$/../../../../apache-maven-3.6.1/repository/org/apache/logging/log4j/log4j-api/2.17.2/log4j-api-2.17.2-javadoc.jar!/" />
    </JAVADOC>
    <SOURCES>
      <root url="jar://$PROJECT_DIR$/../../../../apache-maven-3.6.1/repository/org/apache/logging/log4j/log4j-api/2.17.2/log4j-api-2.17.2-sources.jar!/" />
    </SOURCES>
  </library>
</component>