<component name="libraryTable">
  <library name="Maven: org.yaml:snakeyaml:1.30">
    <CLASSES>
      <root url="jar://$PROJECT_DIR$/../../../../apache-maven-3.6.1/repository/org/yaml/snakeyaml/1.30/snakeyaml-1.30.jar!/" />
    </CLASSES>
    <JAVADOC>
      <root url="jar://$PROJECT_DIR$/../../../../apache-maven-3.6.1/repository/org/yaml/snakeyaml/1.30/snakeyaml-1.30-javadoc.jar!/" />
    </JAVADOC>
    <SOURCES>
      <root url="jar://$PROJECT_DIR$/../../../../apache-maven-3.6.1/repository/org/yaml/snakeyaml/1.30/snakeyaml-1.30-sources.jar!/" />
    </SOURCES>
  </library>
</component>